-- Down Under Chauffeur Database Seed Data

-- Car Brands
INSERT INTO car_brands (id, name, created_at, updated_at) VALUES ('zv80hvylp7tr9968y4nndhpd', 'Mercedes-Benz', 1757168295, 1757168295);
INSERT INTO car_brands (id, name, created_at, updated_at) VALUES ('tuo8uhie5hsj5sjm2maxr0xj', 'BMW', 1757168295, 1757168295);
INSERT INTO car_brands (id, name, created_at, updated_at) VALUES ('y5fv2cswrtsf2mxk1ndjw2ix', 'Audi', 1757168295, 1757168295);
INSERT INTO car_brands (id, name, created_at, updated_at) VALUES ('gfo5hccca5jgch0vuz3m5cly', 'Lexus', 1757168295, 1757168295);
INSERT INTO car_brands (id, name, created_at, updated_at) VALUES ('uapk3sg2jbslkvz5apn52qso', 'Porsche', 1757168295, 1757168295);
INSERT INTO car_brands (id, name, created_at, updated_at) VALUES ('kpwg3ql973wqaynxm1tzjg6d', 'Jaguar', 1757168295, 1757168295);
INSERT INTO car_brands (id, name, created_at, updated_at) VALUES ('fhm72ezqtjbrwulrbje6e3i5', 'Land Rover', 1757168295, 1757168295);
INSERT INTO car_brands (id, name, created_at, updated_at) VALUES ('i0tfc0jkw59y995tbkwb9l04', 'Tesla', 1757168295, 1757168295);
INSERT INTO car_brands (id, name, created_at, updated_at) VALUES ('jcb6hntcjvg72ulte196mej2', 'Bentley', 1757168295, 1757168295);
INSERT INTO car_brands (id, name, created_at, updated_at) VALUES ('ja61xfbf7v25y8uv6keb4mpa', 'Rolls-Royce', 1757168295, 1757168295);
INSERT INTO car_brands (id, name, created_at, updated_at) VALUES ('prj1zgsgsdnaavhg6aiq6kgu', 'Maserati', 1757168295, 1757168295);
INSERT INTO car_brands (id, name, created_at, updated_at) VALUES ('sa5wp2ne9sk558dbgrh6ty6u', 'Ferrari', 1757168295, 1757168295);
INSERT INTO car_brands (id, name, created_at, updated_at) VALUES ('huxgt3z98diphkv1v6l0lclq', 'Lamborghini', 1757168295, 1757168295);
INSERT INTO car_brands (id, name, created_at, updated_at) VALUES ('mc4ftw6vopq3x764nx3zwrow', 'McLaren', 1757168295, 1757168295);
INSERT INTO car_brands (id, name, created_at, updated_at) VALUES ('z5sz81kotiiw4n73tt5xzsg0', 'Aston Martin', 1757168295, 1757168295);
INSERT INTO car_brands (id, name, created_at, updated_at) VALUES ('qo8obax084l8p24pn42ayrw8', 'Cadillac', 1757168295, 1757168295);
INSERT INTO car_brands (id, name, created_at, updated_at) VALUES ('cqf8s3fh5blbunnx6ahwqx1x', 'Genesis', 1757168295, 1757168295);
INSERT INTO car_brands (id, name, created_at, updated_at) VALUES ('u5mqt6h76r2hvro1sfmrqdfs', 'Volvo', 1757168295, 1757168295);
INSERT INTO car_brands (id, name, created_at, updated_at) VALUES ('wa7btjfri9em24lhciqhcmgx', 'Range Rover', 1757168295, 1757168295);
INSERT INTO car_brands (id, name, created_at, updated_at) VALUES ('jijtnoobgv7c5rhhahzioajm', 'Chrysler', 1757168295, 1757168295);

-- Car Models
INSERT INTO car_models (id, name, brand_id, year, created_at, updated_at) VALUES ('q16pqt14kgmo1iukggg0kseb', 'S-Class', 'zv80hvylp7tr9968y4nndhpd', 2024, 1757168295, 1757168295);
INSERT INTO car_models (id, name, brand_id, year, created_at, updated_at) VALUES ('nrupr5pexge19y0968rfhzcr', 'E-Class', 'zv80hvylp7tr9968y4nndhpd', 2024, 1757168295, 1757168295);
INSERT INTO car_models (id, name, brand_id, year, created_at, updated_at) VALUES ('lbf0tacjbcpmg4f6zzfsu8tw', 'GLS-Class', 'zv80hvylp7tr9968y4nndhpd', 2023, 1757168295, 1757168295);
INSERT INTO car_models (id, name, brand_id, year, created_at, updated_at) VALUES ('rf3h8vxsocmf2b9cph7txqnj', 'G-Class', 'zv80hvylp7tr9968y4nndhpd', 2024, 1757168295, 1757168295);
INSERT INTO car_models (id, name, brand_id, year, created_at, updated_at) VALUES ('zu630wk8st5jb1vi8jc5zj29', 'Maybach S-Class', 'zv80hvylp7tr9968y4nndhpd', 2024, 1757168295, 1757168295);
INSERT INTO car_models (id, name, brand_id, year, created_at, updated_at) VALUES ('zp1snln3t81dth66erkfavbg', 'AMG GT', 'zv80hvylp7tr9968y4nndhpd', 2023, 1757168295, 1757168295);
INSERT INTO car_models (id, name, brand_id, year, created_at, updated_at) VALUES ('kkjli2mli7wbahp96pquamyw', 'Sprinter', 'zv80hvylp7tr9968y4nndhpd', 2023, 1757168295, 1757168295);
INSERT INTO car_models (id, name, brand_id, year, created_at, updated_at) VALUES ('vqm1tzz33d0x8ayr15lrxn9g', '7 Series', 'tuo8uhie5hsj5sjm2maxr0xj', 2024, 1757168295, 1757168295);
INSERT INTO car_models (id, name, brand_id, year, created_at, updated_at) VALUES ('fmekdtigh700ge9ikk6xwjrh', '5 Series', 'tuo8uhie5hsj5sjm2maxr0xj', 2024, 1757168295, 1757168295);
INSERT INTO car_models (id, name, brand_id, year, created_at, updated_at) VALUES ('naqf2cxgsdjx6p7f57bkfxon', 'X7', 'tuo8uhie5hsj5sjm2maxr0xj', 2023, 1757168295, 1757168295);
INSERT INTO car_models (id, name, brand_id, year, created_at, updated_at) VALUES ('ho22aooyl9xaqfhegnl250zb', 'X5', 'tuo8uhie5hsj5sjm2maxr0xj', 2024, 1757168295, 1757168295);
INSERT INTO car_models (id, name, brand_id, year, created_at, updated_at) VALUES ('bbz2omaqdev4xjzykgsu48yk', 'i7', 'tuo8uhie5hsj5sjm2maxr0xj', 2023, 1757168295, 1757168295);
INSERT INTO car_models (id, name, brand_id, year, created_at, updated_at) VALUES ('s8e88b5yz5fankupmwtbbdfq', 'M8', 'tuo8uhie5hsj5sjm2maxr0xj', 2023, 1757168295, 1757168295);
INSERT INTO car_models (id, name, brand_id, year, created_at, updated_at) VALUES ('nxiujamuvmcn8xxgvqhvylvm', 'A8', 'y5fv2cswrtsf2mxk1ndjw2ix', 2024, 1757168295, 1757168295);
INSERT INTO car_models (id, name, brand_id, year, created_at, updated_at) VALUES ('fdp13kt4u79xqh6gopmih900', 'A6', 'y5fv2cswrtsf2mxk1ndjw2ix', 2024, 1757168295, 1757168295);
INSERT INTO car_models (id, name, brand_id, year, created_at, updated_at) VALUES ('b3ra4j2t29ptv1hbvnjntwse', 'Q8', 'y5fv2cswrtsf2mxk1ndjw2ix', 2023, 1757168295, 1757168295);
INSERT INTO car_models (id, name, brand_id, year, created_at, updated_at) VALUES ('qhf7yixiu6lihlv62ffw3u8l', 'Q7', 'y5fv2cswrtsf2mxk1ndjw2ix', 2024, 1757168295, 1757168295);
INSERT INTO car_models (id, name, brand_id, year, created_at, updated_at) VALUES ('rpl4ldkfa4tiq4nizk9ak5iz', 'e-tron GT', 'y5fv2cswrtsf2mxk1ndjw2ix', 2023, 1757168295, 1757168295);
INSERT INTO car_models (id, name, brand_id, year, created_at, updated_at) VALUES ('hc8tfk86z9v9ms2wt5hlxr39', 'R8', 'y5fv2cswrtsf2mxk1ndjw2ix', 2023, 1757168295, 1757168295);
INSERT INTO car_models (id, name, brand_id, year, created_at, updated_at) VALUES ('sxkrlwipgburbujmmdbcctbj', 'LS', 'gfo5hccca5jgch0vuz3m5cly', 2024, 1757168295, 1757168295);
INSERT INTO car_models (id, name, brand_id, year, created_at, updated_at) VALUES ('mniwdf55a91bb4yowttgus4x', 'LX', 'gfo5hccca5jgch0vuz3m5cly', 2023, 1757168295, 1757168295);
INSERT INTO car_models (id, name, brand_id, year, created_at, updated_at) VALUES ('duu7cppzdot6pe2aupw9x8os', 'GX', 'gfo5hccca5jgch0vuz3m5cly', 2024, 1757168295, 1757168295);
INSERT INTO car_models (id, name, brand_id, year, created_at, updated_at) VALUES ('m9gs0ge07t3km3n0j2068mhm', 'ES', 'gfo5hccca5jgch0vuz3m5cly', 2024, 1757168295, 1757168295);
INSERT INTO car_models (id, name, brand_id, year, created_at, updated_at) VALUES ('q95wbhrcnlhqw5zindzcxubz', 'LC', 'gfo5hccca5jgch0vuz3m5cly', 2023, 1757168295, 1757168295);
INSERT INTO car_models (id, name, brand_id, year, created_at, updated_at) VALUES ('i8cjrplk1rb141ctuh5kzjen', 'Panamera', 'uapk3sg2jbslkvz5apn52qso', 2024, 1757168295, 1757168295);
INSERT INTO car_models (id, name, brand_id, year, created_at, updated_at) VALUES ('vvnj2li1sp6clheozbcyxm58', 'Cayenne', 'uapk3sg2jbslkvz5apn52qso', 2024, 1757168295, 1757168295);
INSERT INTO car_models (id, name, brand_id, year, created_at, updated_at) VALUES ('nn9bsde2uh7darvqsc40ldhs', '911', 'uapk3sg2jbslkvz5apn52qso', 2024, 1757168295, 1757168295);
INSERT INTO car_models (id, name, brand_id, year, created_at, updated_at) VALUES ('ecfqt4w75p6wosi8dkf6hg7v', 'Taycan', 'uapk3sg2jbslkvz5apn52qso', 2023, 1757168295, 1757168295);
INSERT INTO car_models (id, name, brand_id, year, created_at, updated_at) VALUES ('axdqd7k2c4hj6rwyhgk06bty', 'Macan', 'uapk3sg2jbslkvz5apn52qso', 2023, 1757168295, 1757168295);
INSERT INTO car_models (id, name, brand_id, year, created_at, updated_at) VALUES ('fqoec6w9ky2fqroqn3cks63f', 'Model S', 'i0tfc0jkw59y995tbkwb9l04', 2024, 1757168295, 1757168295);
INSERT INTO car_models (id, name, brand_id, year, created_at, updated_at) VALUES ('ll3cq4wtlk1greb3pau9ahgz', 'Model X', 'i0tfc0jkw59y995tbkwb9l04', 2024, 1757168295, 1757168295);
INSERT INTO car_models (id, name, brand_id, year, created_at, updated_at) VALUES ('hhsrperueyj0q123iu17spos', 'Model Y', 'i0tfc0jkw59y995tbkwb9l04', 2024, 1757168295, 1757168295);
INSERT INTO car_models (id, name, brand_id, year, created_at, updated_at) VALUES ('zhucd9vszjvguxyt45ics7w5', 'Cybertruck', 'i0tfc0jkw59y995tbkwb9l04', 2024, 1757168295, 1757168295);
INSERT INTO car_models (id, name, brand_id, year, created_at, updated_at) VALUES ('qh7nhbuvpg9p64r08pzw6va6', 'XJ', 'kpwg3ql973wqaynxm1tzjg6d', 2023, 1757168295, 1757168295);
INSERT INTO car_models (id, name, brand_id, year, created_at, updated_at) VALUES ('k1a0sxdhtj9k61tha2wm5enk', 'F-Pace', 'kpwg3ql973wqaynxm1tzjg6d', 2024, 1757168295, 1757168295);
INSERT INTO car_models (id, name, brand_id, year, created_at, updated_at) VALUES ('h3qssi9r9xrkhlwkfyg0itsb', 'I-Pace', 'kpwg3ql973wqaynxm1tzjg6d', 2023, 1757168295, 1757168295);
INSERT INTO car_models (id, name, brand_id, year, created_at, updated_at) VALUES ('m9kuy3585r71m3dgp7r4nnwv', 'F-Type', 'kpwg3ql973wqaynxm1tzjg6d', 2023, 1757168295, 1757168295);
INSERT INTO car_models (id, name, brand_id, year, created_at, updated_at) VALUES ('buvjd7kf1deldpgfg19gsfu0', 'Range Rover', 'fhm72ezqtjbrwulrbje6e3i5', 2024, 1757168295, 1757168295);
INSERT INTO car_models (id, name, brand_id, year, created_at, updated_at) VALUES ('h0cu7iuf68v8fu67u03hjxek', 'Range Rover Sport', 'fhm72ezqtjbrwulrbje6e3i5', 2024, 1757168295, 1757168295);
INSERT INTO car_models (id, name, brand_id, year, created_at, updated_at) VALUES ('dpraiqqhnjhts3la4gqvar7d', 'Discovery', 'fhm72ezqtjbrwulrbje6e3i5', 2023, 1757168295, 1757168295);
INSERT INTO car_models (id, name, brand_id, year, created_at, updated_at) VALUES ('ahfqrd0jzzvln1i3enurgcaw', 'Defender', 'fhm72ezqtjbrwulrbje6e3i5', 2024, 1757168295, 1757168295);
INSERT INTO car_models (id, name, brand_id, year, created_at, updated_at) VALUES ('d4u5ss8lzhm26wsxdvw8l7ez', 'Bentayga', 'jcb6hntcjvg72ulte196mej2', 2024, 1757168295, 1757168295);
INSERT INTO car_models (id, name, brand_id, year, created_at, updated_at) VALUES ('vlilzj7i6hgujgm0lhovs8rr', 'Flying Spur', 'jcb6hntcjvg72ulte196mej2', 2023, 1757168295, 1757168295);
INSERT INTO car_models (id, name, brand_id, year, created_at, updated_at) VALUES ('jkqxcq2c99nfo85xyjkgbxg9', 'Continental GT', 'jcb6hntcjvg72ulte196mej2', 2024, 1757168295, 1757168295);
INSERT INTO car_models (id, name, brand_id, year, created_at, updated_at) VALUES ('z2aduxnjr312orbiv6lcaenc', 'Mulsanne', 'jcb6hntcjvg72ulte196mej2', 2023, 1757168295, 1757168295);
INSERT INTO car_models (id, name, brand_id, year, created_at, updated_at) VALUES ('okp1yr45g7w1q7xma1s0wa2m', 'Phantom', 'ja61xfbf7v25y8uv6keb4mpa', 2024, 1757168295, 1757168295);
INSERT INTO car_models (id, name, brand_id, year, created_at, updated_at) VALUES ('qf2e9e7qh6v86rdgf501dq0v', 'Ghost', 'ja61xfbf7v25y8uv6keb4mpa', 2024, 1757168295, 1757168295);
INSERT INTO car_models (id, name, brand_id, year, created_at, updated_at) VALUES ('ulfw408vg8ewpkg3h9ieq4xl', 'Cullinan', 'ja61xfbf7v25y8uv6keb4mpa', 2023, 1757168295, 1757168295);
INSERT INTO car_models (id, name, brand_id, year, created_at, updated_at) VALUES ('mgzs92smu60pdcsvzizamnlo', 'Wraith', 'ja61xfbf7v25y8uv6keb4mpa', 2023, 1757168295, 1757168295);
INSERT INTO car_models (id, name, brand_id, year, created_at, updated_at) VALUES ('fj2x3xs96m3hmxvbb01wgc3f', '300', 'jijtnoobgv7c5rhhahzioajm', 2023, 1757168295, 1757168295);
INSERT INTO car_models (id, name, brand_id, year, created_at, updated_at) VALUES ('sdzo3kxdcvhz9utlqg3evxls', 'Pacifica', 'jijtnoobgv7c5rhhahzioajm', 2024, 1757168295, 1757168295);
INSERT INTO car_models (id, name, brand_id, year, created_at, updated_at) VALUES ('tak4ypsqsswktnqzqpzvmlqb', 'XC90', 'u5mqt6h76r2hvro1sfmrqdfs', 2024, 1757168295, 1757168295);
INSERT INTO car_models (id, name, brand_id, year, created_at, updated_at) VALUES ('wnf6h9u3rfj3a7y8ukneilo5', 'GV80', 'cqf8s3fh5blbunnx6ahwqx1x', 2024, 1757168295, 1757168295);
INSERT INTO car_models (id, name, brand_id, year, created_at, updated_at) VALUES ('caha8cn38vpp1hqwntt7uxoq', 'Escalade', 'qo8obax084l8p24pn42ayrw8', 2024, 1757168295, 1757168295);

-- Car Categories
INSERT INTO car_categories (id, name, description, created_at, updated_at) VALUES ('ont8ojso1oiyzn0e38qw9b3j', 'Luxury Sedan', 'Premium executive sedans for business and formal occasions', 1757168295, 1757168295);
INSERT INTO car_categories (id, name, description, created_at, updated_at) VALUES ('p6pw8lkfdzf1mweslv9hxrip', 'SUV', 'Spacious luxury SUVs for groups and families', 1757168295, 1757168295);
INSERT INTO car_categories (id, name, description, created_at, updated_at) VALUES ('gvydibjh7fb66z1h3d6ptg7u', 'Sports Car', 'High-performance luxury sports cars', 1757168295, 1757168295);
INSERT INTO car_categories (id, name, description, created_at, updated_at) VALUES ('w3byznphobvtazsbeaek9trn', 'Electric Vehicle', 'Luxury electric vehicles for eco-conscious travel', 1757168295, 1757168295);
INSERT INTO car_categories (id, name, description, created_at, updated_at) VALUES ('qby59zna9o2ac23rp1qqxvl9', 'Van/Minibus', 'Large capacity vehicles for group transportation', 1757168295, 1757168295);
INSERT INTO car_categories (id, name, description, created_at, updated_at) VALUES ('sft3t8tf0636k4j61ekg968q', 'Convertible', 'Open-top luxury vehicles for special occasions', 1757168295, 1757168295);
INSERT INTO car_categories (id, name, description, created_at, updated_at) VALUES ('ucqcpw8io2er47dxileg0xfg', 'Coupe', 'Elegant two-door luxury vehicles', 1757168295, 1757168295);
INSERT INTO car_categories (id, name, description, created_at, updated_at) VALUES ('mr65tb8ui5jc9dzfva489k4i', 'Wagon', 'Luxury station wagons with extra cargo space', 1757168295, 1757168295);

-- Car Features
INSERT INTO car_features (id, name, description, created_at, updated_at) VALUES ('b9ode7d7w6bixptwyeb1e3gh', 'Bluetooth', 'Wireless connectivity for devices', 1757168295, 1757168295);
INSERT INTO car_features (id, name, description, created_at, updated_at) VALUES ('cakeuu1s9r1css41684qmy0h', 'Wi-Fi Hotspot', 'Internet connectivity on the go', 1757168295, 1757168295);
INSERT INTO car_features (id, name, description, created_at, updated_at) VALUES ('c71s1wowe9e5w6v2wdfr5vvv', 'Leather Seats', 'Premium leather upholstery', 1757168295, 1757168295);
INSERT INTO car_features (id, name, description, created_at, updated_at) VALUES ('illcurd9wxhec579xu6qm75g', 'Heated Seats', 'Temperature-controlled seating', 1757168295, 1757168295);
INSERT INTO car_features (id, name, description, created_at, updated_at) VALUES ('uzdbfxveucz1wyszv79ryu47', 'Cooled Seats', 'Air-conditioned seating for hot weather', 1757168295, 1757168295);
INSERT INTO car_features (id, name, description, created_at, updated_at) VALUES ('rbtnlbomzurw7ef2xidnr0ks', 'Massage Seats', 'Built-in seat massage functionality', 1757168295, 1757168295);
INSERT INTO car_features (id, name, description, created_at, updated_at) VALUES ('k6jjf1y5uztrgbyuzmg9wogn', 'Sunroof', 'Panoramic or standard sunroof', 1757168295, 1757168295);
INSERT INTO car_features (id, name, description, created_at, updated_at) VALUES ('kuwbs1in2la9eh1gfbx4pgxa', 'Navigation System', 'Built-in GPS navigation', 1757168295, 1757168295);
INSERT INTO car_features (id, name, description, created_at, updated_at) VALUES ('cncy4uqaeq7ghvc1nlbw7n2y', 'Premium Sound System', 'High-end audio system', 1757168295, 1757168295);
INSERT INTO car_features (id, name, description, created_at, updated_at) VALUES ('f9i46q0qdkk9du7dq6xd4l1e', 'Rear Entertainment', 'Screens and entertainment for rear passengers', 1757168295, 1757168295);
INSERT INTO car_features (id, name, description, created_at, updated_at) VALUES ('sm67sy3hmbstg9dhzsnegw6d', 'Mini Bar', 'Built-in refreshment storage', 1757168295, 1757168295);
INSERT INTO car_features (id, name, description, created_at, updated_at) VALUES ('gd4ndw7czxa52a98ii3pq2la', 'Champagne Cooler', 'Temperature-controlled beverage storage', 1757168295, 1757168295);
INSERT INTO car_features (id, name, description, created_at, updated_at) VALUES ('vd00knbwx3fwajt5753dj03m', 'Privacy Partition', 'Separation between driver and passenger areas', 1757168295, 1757168295);
INSERT INTO car_features (id, name, description, created_at, updated_at) VALUES ('r31pbnwu89uesn6u3f5hgmn2', 'Tinted Windows', 'Privacy and UV protection glass', 1757168295, 1757168295);
INSERT INTO car_features (id, name, description, created_at, updated_at) VALUES ('p5c07io2kcg5do4um32c7wzv', 'Air Conditioning', 'Climate control system', 1757168295, 1757168295);
INSERT INTO car_features (id, name, description, created_at, updated_at) VALUES ('ggflt8619aijab1snssdndu9', 'USB Charging', 'Multiple USB charging ports', 1757168295, 1757168295);
INSERT INTO car_features (id, name, description, created_at, updated_at) VALUES ('hzhwrmjyasr7oy88ajy1jazz', 'Wireless Charging', 'Qi wireless phone charging pad', 1757168295, 1757168295);
INSERT INTO car_features (id, name, description, created_at, updated_at) VALUES ('eb4c4zv7t4ffm2xkagutdy2f', 'Keyless Entry', 'Push-button start and keyless access', 1757168295, 1757168295);
INSERT INTO car_features (id, name, description, created_at, updated_at) VALUES ('ahpvz75ya1l2nrk3o4d9s2wk', 'Adaptive Cruise Control', 'Advanced driver assistance', 1757168295, 1757168295);
INSERT INTO car_features (id, name, description, created_at, updated_at) VALUES ('wae415rlbecmmvuqbi8ufmvp', '360° Camera', 'Surround view monitoring system', 1757168295, 1757168295);
INSERT INTO car_features (id, name, description, created_at, updated_at) VALUES ('y7dswa2sf8rqy3aeddzluj4h', 'Lane Departure Warning', 'Safety assistance feature', 1757168295, 1757168295);
INSERT INTO car_features (id, name, description, created_at, updated_at) VALUES ('shtp5llykjesspprwwms7ntm', 'Automatic Emergency Braking', 'Collision avoidance system', 1757168295, 1757168295);
INSERT INTO car_features (id, name, description, created_at, updated_at) VALUES ('bac3pb53zdy1neyv5g2n4nuo', 'Night Vision', 'Enhanced visibility in low light', 1757168295, 1757168295);
INSERT INTO car_features (id, name, description, created_at, updated_at) VALUES ('wo5b386na28rq9x4kt4165yr', 'Heads-Up Display', 'Information projected on windshield', 1757168295, 1757168295);
INSERT INTO car_features (id, name, description, created_at, updated_at) VALUES ('kjl0z9w0otwnuib3rgw712ly', 'Ambient Lighting', 'Customizable interior lighting', 1757168295, 1757168295);

-- Fuel Types
INSERT INTO car_fuel_types (id, name, created_at, updated_at) VALUES ('h19fodw1klcoz6ho5g0x9bv2', 'Petrol', 1757168295, 1757168295);
INSERT INTO car_fuel_types (id, name, created_at, updated_at) VALUES ('o8da4hdbub6jkbsjfk9bgzvf', 'Diesel', 1757168295, 1757168295);
INSERT INTO car_fuel_types (id, name, created_at, updated_at) VALUES ('w82a9dtwi3mm4gzulth32ivk', 'Hybrid', 1757168295, 1757168295);
INSERT INTO car_fuel_types (id, name, created_at, updated_at) VALUES ('h6xxc8nzn4qkaiegyflfoa16', 'Electric', 1757168295, 1757168295);
INSERT INTO car_fuel_types (id, name, created_at, updated_at) VALUES ('l9k5bwevncdh6bgxenn0uk8i', 'Plug-in Hybrid', 1757168295, 1757168295);
INSERT INTO car_fuel_types (id, name, created_at, updated_at) VALUES ('nuv3flz675a5imaucbxlbvuz', 'Hydrogen', 1757168295, 1757168295);

-- Transmission Types
INSERT INTO car_transmission_types (id, name, created_at, updated_at) VALUES ('xb554gidvdgnr3sw333jq0lt', 'Automatic', 1757168295, 1757168295);
INSERT INTO car_transmission_types (id, name, created_at, updated_at) VALUES ('eklesocfubznqom11g5w4mgx', 'Manual', 1757168295, 1757168295);
INSERT INTO car_transmission_types (id, name, created_at, updated_at) VALUES ('r4gq8eigguy47a9am1pqqus1', 'CVT', 1757168295, 1757168295);
INSERT INTO car_transmission_types (id, name, created_at, updated_at) VALUES ('fa3y1xu6vbu0fh7yzyk168q8', 'Semi-Automatic', 1757168295, 1757168295);
INSERT INTO car_transmission_types (id, name, created_at, updated_at) VALUES ('z1e2xl5eyzq90b80j1q8wv54', 'Dual-Clutch', 1757168295, 1757168295);
INSERT INTO car_transmission_types (id, name, created_at, updated_at) VALUES ('xpyvs1fc8nci7pqb5zarauc4', 'Single-Speed', 1757168295, 1757168295);

-- Drive Types
INSERT INTO car_drive_types (id, name, created_at, updated_at) VALUES ('lk5t2ir4xp9336pdrkl02ldl', 'Front-Wheel Drive (FWD)', 1757168295, 1757168295);
INSERT INTO car_drive_types (id, name, created_at, updated_at) VALUES ('m4vrhkp30dfmfjgtir9k1i43', 'Rear-Wheel Drive (RWD)', 1757168295, 1757168295);
INSERT INTO car_drive_types (id, name, created_at, updated_at) VALUES ('fchc2x87d0g67v86vq6uojnk', 'All-Wheel Drive (AWD)', 1757168295, 1757168295);
INSERT INTO car_drive_types (id, name, created_at, updated_at) VALUES ('cidqdniwtvmdwz0lnq7s5jco', 'Four-Wheel Drive (4WD)', 1757168295, 1757168295);

-- Condition Types
INSERT INTO car_condition_types (id, name, created_at, updated_at) VALUES ('ssqq1v2q708cmuz4tmoavmws', 'Brand New', 1757168295, 1757168295);
INSERT INTO car_condition_types (id, name, created_at, updated_at) VALUES ('nt550tgnrc20wstkn82b3szy', 'Excellent', 1757168295, 1757168295);
INSERT INTO car_condition_types (id, name, created_at, updated_at) VALUES ('tmk3gwb1e0ek3tgd1x7g2rq5', 'Very Good', 1757168295, 1757168295);
INSERT INTO car_condition_types (id, name, created_at, updated_at) VALUES ('n0yzfs8lkama22hq5hru4952', 'Good', 1757168295, 1757168295);
INSERT INTO car_condition_types (id, name, created_at, updated_at) VALUES ('pc6s3lwjzef918523qyfioqr', 'Fair', 1757168295, 1757168295);

